<?xml version="1.0" encoding="UTF-8"?>
<project-private xmlns="http://www.netbeans.org/ns/project-private/1">
    <editor-bookmarks xmlns="http://www.netbeans.org/ns/editor-bookmarks/2" lastBookmarkId="0"/>
    <open-files xmlns="http://www.netbeans.org/ns/projectui-open-files/2">
        <group>
            <file>file:/D:/Pasar%20al%20HDD/5to%20semestre%20isw/Programación%20paralela/Practicas/p1/JavaApplication4/src/javaapplication4/JavaApplication4.java</file>
            <file>file:/D:/Pasar%20al%20HDD/5to%20semestre%20isw/Programación%20paralela/Practicas/p1/JavaApplication4/src/javaapplication4/NewClass.java</file>
        </group>
    </open-files>
</project-private>
